model,RMSE,MAE,MAPE,R2,training_time,params
CNN-LSTM (Differencing),14743.614157558362,11192.948869150861,3.1284843245227707,0.88232326994646,84.90851402282715,98369
