model,RMSE,MAE,MAPE,R2,training_time,params
GRU (Differencing),14937.070289719344,11163.515570463227,3.116450564418444,0.8792148542701944,67.44011425971985,72833
