model,RMSE,MAE,MAPE,R2,training_time,params
LSTM (Differencing),14866.311922164987,10919.085056436292,3.043692985429423,0.880356486012599,58.6676561832428,96065
